SEC,STATE,GSR,Delta,Theta,Low_Alpha,High_Alpha,Low_Beta,High_Beta,Low_Gamma,Mid_Gamma
0.0,1,516,0,0,0,0,0,0,0,0
0.5,1,504,0,0,0,0,0,0,0,0
1.0,1,506,0,0,0,0,0,0,0,0
1.5,1,509,0,0,0,0,0,0,0,0
2.0,1,503,0,0,0,0,0,0,0,0
2.5,1,506,0,0,0,0,0,0,0,0
3.0,1,515,33,13,16,7,7,2,5,2
3.5,1,506,33,13,16,7,7,2,5,2
4.0,1,509,147,24,35,4,9,8,8,2
4.5,1,514,147,24,35,4,9,8,8,2
5.0,1,501,2121036,263999,115020,138687,50748,131408,13540,304910
5.5,1,505,2121036,263999,115020,138687,50748,131408,13540,304910
6.0,1,510,183164,81141,5153,8495,12902,23463,6608,281537
6.5,1,509,183164,81141,5153,8495,12902,23463,6608,281537
7.0,1,512,505218,51708,4739,6885,5105,15972,3858,221543
7.5,1,517,505218,51708,4739,6885,5105,15972,3858,221543
8.0,1,510,496251,13539,3610,7586,10320,8445,2131,53170
8.5,1,512,496251,13539,3610,7586,10320,8445,2131,53170
9.0,1,516,886663,406703,220274,80069,68426,42624,20331,213073
9.5,1,496,886663,406703,220274,80069,68426,42624,20331,213073
10.0,1,504,600971,2610,2922,1946,1687,982,1213,16981
10.5,1,500,600971,2610,2922,1946,1687,982,1213,16981
11.0,1,498,941659,16461,3666,7956,3989,16554,2285,58360
11.5,1,508,941659,16461,3666,7956,3989,16554,2285,58360
12.0,1,500,1290945,153660,33948,89948,68987,38394,7069,229912
12.5,1,500,1290945,153660,33948,89948,68987,38394,7069,229912
13.0,1,503,108919,258674,6259,15777,5665,4983,4749,69295
13.5,1,486,108919,258674,6259,15777,5665,4983,4749,69295
14.0,1,493,134415,55991,14122,3653,21342,50774,7511,288602
14.5,1,493,134415,55991,14122,3653,21342,50774,7511,288602
15.0,1,491,233729,116141,56560,8406,18628,17032,4522,296053
15.5,1,504,233729,116141,56560,8406,18628,17032,4522,296053
16.0,1,494,166929,46621,17684,7513,10781,4801,2558,83128
16.5,1,491,166929,46621,17684,7513,10781,4801,2558,83128
17.0,1,492,714048,76288,24077,17892,6745,11288,1981,89643
17.5,1,478,714048,76288,24077,17892,6745,11288,1981,89643
18.0,1,482,998990,37334,12916,4517,17292,9371,2020,88303
18.5,1,480,998990,37334,12916,4517,17292,9371,2020,88303
19.0,1,487,803764,182278,48978,70015,46099,76417,8831,308189
19.5,1,484,803764,182278,48978,70015,46099,76417,8831,308189
20.0,1,485,86185,55171,3174,5201,4163,8567,1056,72340
20.5,1,490,86185,55171,3174,5201,4163,8567,1056,72340
21.0,1,480,45370,76908,11817,15160,20223,22449,4790,322794
21.5,1,485,45370,76908,11817,15160,20223,22449,4790,322794
22.0,1,486,707535,11145,21863,4993,4342,2877,2419,49064
22.5,1,492,707535,11145,21863,4993,4342,2877,2419,49064
23.0,1,489,183893,65260,2164,7907,59384,45183,7473,201611
23.5,1,488,183893,65260,2164,7907,59384,45183,7473,201611
24.0,1,490,102844,29942,4009,40134,19646,11372,5035,231977
24.5,1,476,102844,29942,4009,40134,19646,11372,5035,231977
25.0,1,487,215653,29365,7252,7307,5593,7304,586,70546
25.5,1,485,215653,29365,7252,7307,5593,7304,586,70546
26.0,1,478,14049,15278,12732,23472,8242,52104,7750,318179
26.5,1,488,14049,15278,12732,23472,8242,52104,7750,318179
27.0,1,484,27624,25613,2688,53667,23906,43860,4199,317072
27.5,1,487,27624,25613,2688,53667,23906,43860,4199,317072
28.0,1,486,8545,20547,16383,12929,10506,45216,2228,280172
28.5,1,481,8545,20547,16383,12929,10506,45216,2228,280172
29.0,1,486,66784,30459,4185,3647,19396,34206,2212,302692
29.5,1,483,66784,30459,4185,3647,19396,34206,2212,302692
30.0,1,493,13489,18008,2282,23431,37117,27825,10248,276514
30.5,1,488,13489,18008,2282,23431,37117,27825,10248,276514
31.0,1,489,23707,22325,10071,6561,7533,23550,5636,274068
31.5,1,492,23707,22325,10071,6561,7533,23550,5636,274068
32.0,1,474,466234,151208,85335,17878,19384,80526,12510,209144
32.5,1,481,466234,151208,85335,17878,19384,80526,12510,209144
33.0,1,479,37129,43156,22725,12484,32178,35497,12374,215574
33.5,1,475,37129,43156,22725,12484,32178,35497,12374,215574
34.0,1,487,556779,252236,10593,71934,7592,33159,8817,249558
34.5,1,484,556779,252236,10593,71934,7592,33159,8817,249558
35.0,1,484,425719,20215,4218,8914,18870,5863,2418,53108
35.5,1,479,425719,20215,4218,8914,18870,5863,2418,53108
36.0,1,475,570969,35883,4704,1797,1238,8666,2477,60347
36.5,1,478,570969,35883,4704,1797,1238,8666,2477,60347
37.0,1,474,62114,25003,9672,26839,11007,11937,4356,222005
37.5,1,487,62114,25003,9672,26839,11007,11937,4356,222005
38.0,1,481,80560,8792,2937,7193,2854,9584,728,58485
38.5,1,484,80560,8792,2937,7193,2854,9584,728,58485
39.0,1,489,502318,14765,4319,5993,5285,8543,1237,62482
39.5,1,469,502318,14765,4319,5993,5285,8543,1237,62482
40.0,1,477,13582,31096,16370,10615,29810,58527,3968,250049
40.5,1,475,13582,31096,16370,10615,29810,58527,3968,250049
41.0,1,478,157343,26997,2497,4515,2202,3511,1486,62080
41.5,1,487,157343,26997,2497,4515,2202,3511,1486,62080
42.0,1,484,2603,6730,2761,5779,6465,53954,5738,252417
42.5,1,488,2603,6730,2761,5779,6465,53954,5738,252417
43.0,1,478,48117,24289,27178,9369,14650,3993,2099,67301
43.5,1,484,48117,24289,27178,9369,14650,3993,2099,67301
44.0,1,485,1476860,278290,32976,35115,48364,18729,9171,248302
44.5,1,482,1476860,278290,32976,35115,48364,18729,9171,248302
45.0,1,494,560674,238244,84145,20612,17292,24702,5703,274206
45.5,1,484,560674,238244,84145,20612,17292,24702,5703,274206
46.0,1,492,1494030,346691,40989,22160,22790,22150,7903,207190
46.5,1,477,1494030,346691,40989,22160,22790,22150,7903,207190
47.0,1,486,429985,97524,24351,7012,8694,78080,1642,238525
47.5,1,486,429985,97524,24351,7012,8694,78080,1642,238525
48.0,1,492,32776,31226,7710,3795,6449,106476,4021,226988
48.5,1,490,32776,31226,7710,3795,6449,106476,4021,226988
49.0,1,491,205307,223251,27715,26641,14389,10156,4365,235375
49.5,1,493,205307,223251,27715,26641,14389,10156,4365,235375
50.0,1,479,315045,17269,4740,17845,42228,27486,1576,219538
50.5,1,483,315045,17269,4740,17845,42228,27486,1576,219538
51.0,1,479,83658,15470,7293,3526,9934,4200,642,52152
51.5,1,490,83658,15470,7293,3526,9934,4200,642,52152
52.0,1,486,510287,125546,54733,10466,21327,72820,7468,199362
52.5,1,489,510287,125546,54733,10466,21327,72820,7468,199362
53.0,1,482,997985,110005,45203,25916,23685,17308,10931,209574
53.5,1,482,997985,110005,45203,25916,23685,17308,10931,209574
54.0,1,487,104960,8516,1399,2015,1504,12354,967,59061
54.5,1,483,104960,8516,1399,2015,1504,12354,967,59061
55.0,1,496,129094,105371,7534,29258,18790,38481,3781,229540
55.5,1,489,129094,105371,7534,29258,18790,38481,3781,229540
56.0,1,494,205921,30243,1560,4956,1810,1874,776,15857
56.5,1,484,205921,30243,1560,4956,1810,1874,776,15857
57.0,1,487,754945,37021,5461,20958,58327,15961,2370,273358
57.5,1,488,754945,37021,5461,20958,58327,15961,2370,273358
58.0,1,481,419850,82011,7005,43398,10040,49535,3232,230148
58.5,1,491,419850,82011,7005,43398,10040,49535,3232,230148
59.0,1,486,296719,65698,25493,9479,17457,41506,4908,237169
59.5,1,491,296719,65698,25493,9479,17457,41506,4908,237169
60.0,2,476,438821,19542,12469,17788,15231,20274,4432,174614
60.5,2,478,438821,19542,12469,17788,15231,20274,4432,174614
61.0,2,475,754782,79623,20136,18180,36688,27075,3297,213645
61.5,2,486,754782,79623,20136,18180,36688,27075,3297,213645
62.0,2,476,138813,189884,29648,30732,39290,28869,2936,145978
62.5,2,483,138813,189884,29648,30732,39290,28869,2936,145978
63.0,2,467,672639,453435,128963,82078,74525,13382,6694,184890
63.5,2,472,672639,453435,128963,82078,74525,13382,6694,184890
64.0,2,465,377282,4101,1842,4501,2047,273,342,1680
64.5,2,475,377282,4101,1842,4501,2047,273,342,1680
65.0,2,472,71638,9764,3581,2191,2037,2660,427,14797
65.5,2,480,71638,9764,3581,2191,2037,2660,427,14797
66.0,2,470,2353985,161905,57706,16078,19982,39547,5377,246175
66.5,2,479,2353985,161905,57706,16078,19982,39547,5377,246175
67.0,2,474,499972,129517,9891,21666,15010,23871,3947,43443
67.5,2,481,499972,129517,9891,21666,15010,23871,3947,43443
68.0,2,479,86671,17097,5379,2485,8780,6967,1481,45356
68.5,2,483,86671,17097,5379,2485,8780,6967,1481,45356
69.0,2,473,69862,45366,14733,8631,33626,51352,3236,216322
69.5,2,477,69862,45366,14733,8631,33626,51352,3236,216322
70.0,2,476,74531,52437,16893,12670,4529,21608,5788,192243
70.5,2,483,74531,52437,16893,12670,4529,21608,5788,192243
71.0,2,480,99350,34831,5283,3174,27590,46542,4055,188539
71.5,2,486,99350,34831,5283,3174,27590,46542,4055,188539
72.0,2,475,164708,41682,14667,13566,20785,26365,9678,185170
72.5,2,481,164708,41682,14667,13566,20785,26365,9678,185170
73.0,2,480,302646,69955,7925,36854,32706,27916,4863,213823
73.5,2,491,27158,13781,8533,10052,17390,84249,4107,174184
74.0,2,486,27158,13781,8533,10052,17390,84249,4107,174184
74.5,2,490,27158,13781,8533,10052,17390,84249,4107,174184
75.0,2,478,46623,25395,3665,23609,37537,55253,4003,165284
75.5,2,486,46623,25395,3665,23609,37537,55253,4003,165284
76.0,2,486,50301,28394,6842,13271,16234,30465,4128,212507
76.5,2,492,50301,28394,6842,13271,16234,30465,4128,212507
77.0,2,487,24731,48068,29742,30493,30026,35488,4973,176449
77.5,2,493,171846,51767,25361,25563,11958,63197,2043,206664
78.0,2,481,171846,51767,25361,25563,11958,63197,2043,206664
78.5,2,486,919361,89514,13312,31307,44631,18329,1143,183038
79.0,2,487,919361,89514,13312,31307,44631,18329,1143,183038
79.5,2,489,53755,56677,8695,22667,52478,29164,4675,204083
80.0,2,491,53755,56677,8695,22667,52478,29164,4675,204083
80.5,2,489,398540,31383,18224,19210,25734,32519,6116,169878
81.0,2,496,398540,31383,18224,19210,25734,32519,6116,169878
81.5,2,482,101938,26215,2454,3171,1836,4542,401,11935
82.0,2,491,101938,26215,2454,3171,1836,4542,401,11935
82.5,2,486,24190,47343,3455,13342,19987,40905,6068,206067
83.0,2,497,24190,47343,3455,13342,19987,40905,6068,206067
83.5,2,492,1021876,117269,16511,21207,45175,88324,2536,180590
84.0,2,497,1021876,117269,16511,21207,45175,88324,2536,180590
84.5,2,484,741185,135942,119096,43752,14650,34001,3545,168792
85.0,2,491,741185,135942,119096,43752,14650,34001,3545,168792
85.5,2,490,44745,61132,24810,2480,41047,26135,8287,178619
86.0,2,500,44745,61132,24810,2480,41047,26135,8287,178619
86.5,2,495,39294,29078,11421,20764,10595,57343,1976,209381
87.0,2,499,39294,29078,11421,20764,10595,57343,1976,209381
87.5,2,489,561710,74649,27101,32419,35156,25235,12860,195634
88.0,2,492,561710,74649,27101,32419,35156,25235,12860,195634
88.5,2,493,341766,146871,16854,27035,13093,32650,4282,201689
89.0,2,494,341766,146871,16854,27035,13093,32650,4282,201689
89.5,2,498,238530,184162,37763,15795,56199,19898,6908,149678
90.0,2,497,238530,184162,37763,15795,56199,19898,6908,149678
90.5,2,501,108212,45577,32357,13225,90029,11164,5793,183845
91.0,2,487,108212,45577,32357,13225,90029,11164,5793,183845
91.5,2,489,144829,46248,13460,21801,37821,39295,4370,173332
92.0,2,486,144829,46248,13460,21801,37821,39295,4370,173332
92.5,2,498,333018,48915,34377,10468,43870,12711,3976,161180
93.0,2,492,333018,48915,34377,10468,43870,12711,3976,161180
93.5,2,500,49868,50914,33519,51309,12450,57578,5795,197353
94.0,2,486,49868,50914,33519,51309,12450,57578,5795,197353
94.5,2,496,597493,31257,12980,10885,28619,33894,3989,176974
95.0,2,494,597493,31257,12980,10885,28619,33894,3989,176974
95.5,2,503,80584,36258,17395,9315,8007,5491,2111,41751
96.0,2,497,80584,36258,17395,9315,8007,5491,2111,41751
96.5,2,501,739743,12476,8313,7760,2461,7969,1134,48726
97.0,2,498,739743,12476,8313,7760,2461,7969,1134,48726
97.5,2,493,1538567,371345,100705,29108,27704,51189,9957,164847
98.0,2,492,1538567,371345,100705,29108,27704,51189,9957,164847
98.5,2,488,416081,54029,5944,5870,11394,8114,991,44778
99.0,2,496,416081,54029,5944,5870,11394,8114,991,44778
99.5,2,494,47690,21567,3954,9462,48719,34492,3891,179045
100.0,2,501,47690,21567,3954,9462,48719,34492,3891,179045
100.5,2,486,308574,29786,5881,8978,29462,20722,3663,201251
101.0,2,496,308574,29786,5881,8978,29462,20722,3663,201251
101.5,2,493,331707,54592,15320,20433,28144,58475,7305,170429
102.0,2,503,331707,54592,15320,20433,28144,58475,7305,170429
102.5,2,500,160518,26198,27560,13572,14456,112697,2259,177343
103.0,2,500,160518,26198,27560,13572,14456,112697,2259,177343
103.5,2,496,444974,69593,22602,5179,23705,73692,4905,177456
104.0,2,496,444974,69593,22602,5179,23705,73692,4905,177456
104.5,2,498,266554,31597,5147,333,4172,5921,1356,45012
105.0,2,494,266554,31597,5147,333,4172,5921,1356,45012
105.5,2,504,26442,35188,2694,5083,25381,69575,2998,157027
106.0,2,500,26442,35188,2694,5083,25381,69575,2998,157027
106.5,2,506,259335,14245,6839,18209,33376,47371,3321,169746
107.0,2,490,259335,14245,6839,18209,33376,47371,3321,169746
107.5,2,498,125215,15348,2496,5476,4759,11793,1306,43271
108.0,2,496,125215,15348,2496,5476,4759,11793,1306,43271
108.5,2,507,101247,14679,436,6705,4717,11301,1052,40992
109.0,2,500,101247,14679,436,6705,4717,11301,1052,40992
109.5,2,502,90527,49301,2605,21497,19984,32003,5037,163553
110.0,2,495,90527,49301,2605,21497,19984,32003,5037,163553
110.5,2,491,464116,84666,38559,40865,23817,62678,2310,186576
111.0,2,493,464116,84666,38559,40865,23817,62678,2310,186576
111.5,2,489,61755,63797,26357,9839,3511,14137,1669,50991
112.0,2,501,61755,63797,26357,9839,3511,14137,1669,50991
112.5,2,498,342552,128209,43980,29439,40314,16942,12187,166747
113.0,2,504,342552,128209,43980,29439,40314,16942,12187,166747
113.5,2,489,385025,31413,12828,15467,17718,49652,3326,154534
114.0,2,499,385025,31413,12828,15467,17718,49652,3326,154534
114.5,2,498,17904,39524,21279,16142,5434,75869,4998,165221
115.0,2,507,17904,39524,21279,16142,5434,75869,4998,165221
115.5,2,500,74384,22501,32114,5302,11124,91125,4976,177052
116.0,2,503,74384,22501,32114,5302,11124,91125,4976,177052
116.5,2,501,8670,14193,19646,10009,29370,33966,6824,155679
117.0,2,498,8670,14193,19646,10009,29370,33966,6824,155679
117.5,2,503,100877,31009,9043,21561,34316,33979,5329,194013
118.0,2,498,100877,31009,9043,21561,34316,33979,5329,194013
118.5,2,506,147060,18639,6270,23607,8566,62171,4860,138146
119.0,2,502,147060,18639,6270,23607,8566,62171,4860,138146
119.5,2,509,41520,10084,9378,12875,5136,79300,6542,172253
120.0,2,494,41520,10084,9378,12875,5136,79300,6542,172253
120.5,2,503,41464,39942,33579,21530,13702,69104,6063,150847
121.0,2,498,41464,39942,33579,21530,13702,69104,6063,150847
121.5,2,510,9771,8861,5740,6900,11387,73415,2704,143444
122.0,2,504,9771,8861,5740,6900,11387,73415,2704,143444
122.5,2,509,105060,11146,5379,2959,6779,3156,935,46169
123.0,2,495,105060,11146,5379,2959,6779,3156,935,46169
123.5,2,504,56181,24872,28548,11038,30981,26577,8810,167587
124.0,2,502,56181,24872,28548,11038,30981,26577,8810,167587
124.5,2,511,472381,53110,23040,13060,20777,23936,3992,133340
125.0,2,505,472381,53110,23040,13060,20777,23936,3992,133340
125.5,2,512,170061,102652,17271,32614,10169,39806,5926,179886
126.0,2,497,170061,102652,17271,32614,10169,39806,5926,179886
126.5,2,505,109781,25165,1138,1718,1758,12841,1473,47054
127.0,2,504,109781,25165,1138,1718,1758,12841,1473,47054
127.5,2,512,850229,13422,6540,7609,8466,82057,3959,181603
128.0,2,507,850229,13422,6540,7609,8466,82057,3959,181603
128.5,2,510,712038,36192,28796,8995,4988,4360,1302,39725
129.0,2,500,712038,36192,28796,8995,4988,4360,1302,39725
129.5,2,507,296475,63317,35132,16693,28350,40532,4203,162710
130.0,2,503,296475,63317,35132,16693,28350,40532,4203,162710
130.5,2,510,7892,18661,5046,6541,3862,123415,3815,204577
131.0,2,507,7892,18661,5046,6541,3862,123415,3815,204577
131.5,2,511,17711,2282,5578,8605,6047,68102,3087,175312
132.0,2,502,17711,2282,5578,8605,6047,68102,3087,175312
132.5,2,507,52078,48183,7207,23775,28137,71773,3879,182168
133.0,2,506,52078,48183,7207,23775,28137,71773,3879,182168
133.5,2,508,38582,35142,8724,3483,23371,33718,1747,210632
134.0,2,511,38582,35142,8724,3483,23371,33718,1747,210632
134.5,2,510,187363,67059,4406,9252,20112,38751,12558,154444
135.0,2,509,187363,67059,4406,9252,20112,38751,12558,154444
135.5,2,506,47085,20083,10691,16390,24134,34641,5145,178418
136.0,2,512,47085,20083,10691,16390,24134,34641,5145,178418
136.5,2,511,83546,12925,389,694,5508,5530,2265,44461
137.0,2,514,83546,12925,389,694,5508,5530,2265,44461
137.5,2,503,32435,57612,4885,7993,28459,33964,3496,199056
138.0,2,510,32435,57612,4885,7993,28459,33964,3496,199056
138.5,2,508,13189,14039,8560,4296,21082,37720,7572,194086
139.0,2,515,13189,14039,8560,4296,21082,37720,7572,194086
139.5,2,514,478905,43570,7014,5952,18262,61888,4662,146123
140.0,2,516,478905,43570,7014,5952,18262,61888,4662,146123
140.5,2,511,97090,74847,5106,12006,7993,28018,2601,234082
141.0,2,510,97090,74847,5106,12006,7993,28018,2601,234082
141.5,2,511,282720,81763,10820,3693,8509,12615,416,51761
142.0,2,509,282720,81763,10820,3693,8509,12615,416,51761
142.5,2,520,32094,34236,15315,17486,31492,33387,3963,171717
143.0,2,511,32094,34236,15315,17486,31492,33387,3963,171717
143.5,2,514,243407,35592,9483,20427,39069,22476,2857,208095
144.0,2,501,243407,35592,9483,20427,39069,22476,2857,208095
144.5,2,507,78497,25911,9451,18054,10707,52139,3813,204660
145.0,2,505,78497,25911,9451,18054,10707,52139,3813,204660
145.5,2,515,815634,185806,23429,31459,48502,44743,3886,180359
146.0,2,510,815634,185806,23429,31459,48502,44743,3886,180359
146.5,2,513,11141,50103,10461,10868,7165,26987,8266,203850
147.0,2,514,11141,50103,10461,10868,7165,26987,8266,203850
147.5,2,507,330260,30571,1795,3535,8436,4556,1491,59878
148.0,2,511,330260,30571,1795,3535,8436,4556,1491,59878
148.5,2,508,14663,14720,12512,12002,3567,31499,4246,276779
149.0,2,518,14663,14720,12512,12002,3567,31499,4246,276779
149.5,2,513,137002,59837,2055,669,5460,6433,1956,60850
150.0,2,513,137002,59837,2055,669,5460,6433,1956,60850
150.5,2,517,3279778,168671,41487,42943,8326,39166,14081,47068
151.0,2,510,3279778,168671,41487,42943,8326,39166,14081,47068
151.5,2,512,2370602,73765,199615,35230,37665,31304,5195,145716
152.0,2,507,2370602,73765,199615,35230,37665,31304,5195,145716
152.5,2,517,274568,9368,17414,3414,9418,4933,1486,47162
153.0,2,512,274568,9368,17414,3414,9418,4933,1486,47162
153.5,2,516,217513,19839,9061,12722,10691,5228,1693,34720
154.0,2,513,217513,19839,9061,12722,10691,5228,1693,34720
154.5,2,508,1918785,183522,35550,31272,45205,11308,5565,236938
155.0,2,511,1918785,183522,35550,31272,45205,11308,5565,236938
155.5,2,510,194477,40039,1695,5207,10409,12915,934,67761
156.0,2,521,194477,40039,1695,5207,10409,12915,934,67761
156.5,2,513,34755,53961,1465,5938,6282,73272,3055,225074
157.0,2,517,34755,53961,1465,5938,6282,73272,3055,225074
157.5,2,515,552078,117563,34870,16401,28879,81725,3859,307254
158.0,2,511,552078,117563,34870,16401,28879,81725,3859,307254
158.5,2,514,190181,82155,2883,6871,20609,101957,3646,260510
159.0,2,511,190181,82155,2883,6871,20609,101957,3646,260510
159.5,2,521,170858,258811,38078,9931,48275,12648,7415,213457
160.0,2,518,170858,258811,38078,9931,48275,12648,7415,213457
160.5,2,517,881122,50152,39148,15849,70408,57085,4646,237606
161.0,2,522,881122,50152,39148,15849,70408,57085,4646,237606
161.5,2,508,27551,43007,25172,18387,19592,90884,1616,248395
162.0,2,517,27551,43007,25172,18387,19592,90884,1616,248395
162.5,2,516,343088,399250,44707,106306,48262,23854,5233,235234
163.0,2,514,343088,399250,44707,106306,48262,23854,5233,235234
163.5,2,521,1548474,191935,18113,10551,26578,6068,3101,41782
164.0,2,517,1548474,191935,18113,10551,26578,6068,3101,41782
164.5,2,518,40587,13949,5623,7016,7794,97033,3267,187415
165.0,2,506,40587,13949,5623,7016,7794,97033,3267,187415
165.5,2,510,485193,89245,14738,8596,26931,28680,9182,184503
166.0,2,513,485193,89245,14738,8596,26931,28680,9182,184503
166.5,2,511,38843,10989,4304,7947,11543,31195,3486,202000
167.0,2,519,38843,10989,4304,7947,11543,31195,3486,202000
167.5,2,517,372441,52842,881,2974,10973,6996,989,59290
168.0,2,516,372441,52842,881,2974,10973,6996,989,59290
168.5,2,520,286668,16592,8002,9070,3420,11197,2845,61851
169.0,2,512,286668,16592,8002,9070,3420,11197,2845,61851
169.5,2,513,92162,75477,11548,41731,24545,66116,1777,271228
170.0,2,516,466745,167608,18284,14456,13513,37432,4472,268454
170.5,2,515,466745,167608,18284,14456,13513,37432,4472,268454
171.0,2,522,855903,37836,9266,24481,24614,20725,2116,11206
171.5,2,519,855903,37836,9266,24481,24614,20725,2116,11206
172.0,2,514,305415,12710,3153,1450,1040,782,220,2083
172.5,2,516,305415,12710,3153,1450,1040,782,220,2083
173.0,2,510,653914,40984,17611,35010,8728,2871,3388,107601
173.5,2,506,653914,40984,17611,35010,8728,2871,3388,107601
174.0,2,511,653914,40984,17611,35010,8728,2871,3388,107601
174.5,2,507,172204,98196,10553,17663,9359,38572,5273,387048
175.0,2,506,1268290,131541,43188,48807,8927,45648,7982,391514
175.5,2,511,1268290,131541,43188,48807,8927,45648,7982,391514
176.0,2,509,137770,25774,5471,3877,2357,9942,2617,68622
176.5,2,512,137770,25774,5471,3877,2357,9942,2617,68622
177.0,2,506,1310129,120391,24648,5596,2609,5172,1888,77065
177.5,2,506,1310129,120391,24648,5596,2609,5172,1888,77065
178.0,2,509,424606,21311,4071,30426,18920,84600,10285,301625
178.5,2,507,424606,21311,4071,30426,18920,84600,10285,301625
179.0,2,504,27758,62539,5526,6992,62386,49602,16382,247076
179.5,2,511,27758,62539,5526,6992,62386,49602,16382,247076
180.0,3,504,1085891,417827,99672,105714,33875,42024,10008,32386
180.5,3,509,1085891,417827,99672,105714,33875,42024,10008,32386
181.0,3,512,249368,47833,7214,15531,5124,18475,4253,25184
181.5,3,488,249368,47833,7214,15531,5124,18475,4253,25184
182.0,3,491,117193,6509,6983,474,871,801,889,21344
182.5,3,487,117193,6509,6983,474,871,801,889,21344
183.0,3,479,562769,153454,18651,43984,17817,10146,4558,354720
183.5,3,487,562769,153454,18651,43984,17817,10146,4558,354720
184.0,3,476,1981726,115294,22618,52304,14899,13858,4293,372306
184.5,3,477,1981726,115294,22618,52304,14899,13858,4293,372306
185.0,3,478,878336,105144,30408,21435,14261,19817,3567,400579
185.5,3,461,878336,105144,30408,21435,14261,19817,3567,400579
186.0,3,467,275330,74788,22904,12867,38433,12798,5120,338994
186.5,3,464,275330,74788,22904,12867,38433,12798,5120,338994
187.0,3,456,842525,55087,10932,3821,2229,5070,1128,80185
187.5,3,467,842525,55087,10932,3821,2229,5070,1128,80185
188.0,3,459,182942,76684,8801,5772,4898,3443,1208,73886
188.5,3,457,182942,76684,8801,5772,4898,3443,1208,73886
189.0,3,462,1352508,18610,9290,22992,5825,4899,3078,66702
189.5,3,448,1352508,18610,9290,22992,5825,4899,3078,66702
190.0,3,457,964044,74074,12196,21936,13192,27784,6921,269748
190.5,3,463,964044,74074,12196,21936,13192,27784,6921,269748
191.0,3,459,562138,105260,7132,17944,57054,14683,4169,276461
191.5,3,474,562138,105260,7132,17944,57054,14683,4169,276461
192.0,3,467,245173,172722,14008,11079,14821,16528,3134,57653
192.5,3,465,245173,172722,14008,11079,14821,16528,3134,57653
193.0,3,466,869187,132580,16650,18917,12191,8722,14989,52930
193.5,3,453,869187,132580,16650,18917,12191,8722,14989,52930
194.0,3,458,1618775,150725,52460,14174,8212,26961,24813,325202
194.5,3,459,1618775,150725,52460,14174,8212,26961,24813,325202
195.0,3,454,729724,55644,40323,29721,7578,25407,9786,300802
195.5,3,468,729724,55644,40323,29721,7578,25407,9786,300802
196.0,3,462,1944598,45189,46131,5270,9313,21874,15510,414927
196.5,3,466,1944598,45189,46131,5270,9313,21874,15510,414927
197.0,3,470,385931,112685,75300,61310,46450,52151,8847,338477
197.5,3,456,385931,112685,75300,61310,46450,52151,8847,338477
198.0,3,464,297398,32564,12008,4299,5171,2873,1059,64005
198.5,3,467,297398,32564,12008,4299,5171,2873,1059,64005
199.0,3,464,2807036,59191,40377,28712,12251,25851,3600,298025
199.5,3,477,2807036,59191,40377,28712,12251,25851,3600,298025
200.0,3,470,309352,93004,28223,30286,11233,35685,6707,363607
200.5,3,475,309352,93004,28223,30286,11233,35685,6707,363607
201.0,3,478,6752,9281,3693,15270,21952,85508,3955,327974
201.5,3,465,6752,9281,3693,15270,21952,85508,3955,327974
202.0,3,473,982613,53473,7905,16850,12890,24404,2767,328373
202.5,3,472,982613,53473,7905,16850,12890,24404,2767,328373
203.0,3,475,134038,96188,45143,15673,4617,47261,3764,298012
203.5,3,479,134038,96188,45143,15673,4617,47261,3764,298012
204.0,3,477,322237,56664,5586,17525,8425,42016,3391,281139
204.5,3,482,322237,56664,5586,17525,8425,42016,3391,281139
205.0,3,474,120058,68959,28897,6093,14097,48662,3407,296821
205.5,3,472,120058,68959,28897,6093,14097,48662,3407,296821
206.0,3,478,201485,82084,15761,11973,7592,38293,2272,318074
206.5,3,477,201485,82084,15761,11973,7592,38293,2272,318074
207.0,3,485,14162,24131,20830,4890,8625,34248,5517,275314
207.5,3,481,14162,24131,20830,4890,8625,34248,5517,275314
208.0,3,481,7085,22123,2481,9181,17331,43973,4318,321822
208.5,3,486,7085,22123,2481,9181,17331,43973,4318,321822
209.0,3,472,2629,11766,11928,4077,15964,29583,4915,303048
209.5,3,478,2629,11766,11928,4077,15964,29583,4915,303048
210.0,3,482,12220,11257,5141,8453,11715,35985,3249,334271
210.5,3,478,12220,11257,5141,8453,11715,35985,3249,334271
211.0,3,488,627012,172863,74381,8900,31687,37859,5583,284855
211.5,3,483,627012,172863,74381,8900,31687,37859,5583,284855
212.0,3,487,241167,16020,4841,4694,5802,2448,2470,77444
212.5,3,487,241167,16020,4841,4694,5802,2448,2470,77444
213.0,3,478,113437,22338,5464,27325,19589,12155,1948,271451
213.5,3,485,113437,22338,5464,27325,19589,12155,1948,271451
214.0,3,483,207514,23056,2350,18910,37184,19329,3714,296223
214.5,3,489,207514,23056,2350,18910,37184,19329,3714,296223
215.0,3,489,330971,56103,13159,25521,13013,80666,3305,288235
215.5,3,487,330971,56103,13159,25521,13013,80666,3305,288235
216.0,3,492,173073,84094,16166,29687,22237,42927,3404,288330
216.5,3,480,173073,84094,16166,29687,22237,42927,3404,288330
217.0,3,482,96475,10569,3990,11251,4409,119005,6742,274535
217.5,3,488,96475,10569,3990,11251,4409,119005,6742,274535
218.0,3,487,56520,12002,15955,5582,20380,35179,4660,307500
218.5,3,493,56520,12002,15955,5582,20380,35179,4660,307500
219.0,3,492,11680,6788,5746,2825,34267,54378,2790,276614
219.5,3,493,11680,6788,5746,2825,34267,54378,2790,276614
220.0,3,497,24236,37718,13862,25676,26435,21346,10735,306322
220.5,3,485,24236,37718,13862,25676,26435,21346,10735,306322
221.0,3,490,1847708,118519,9098,21463,16354,71806,4253,235386
221.5,3,493,1847708,118519,9098,21463,16354,71806,4253,235386
222.0,3,489,232618,332137,34781,12116,22057,12255,7225,289166
222.5,3,499,232618,332137,34781,12116,22057,12255,7225,289166
223.0,3,489,162838,50107,14476,26442,17296,28511,11677,234594
223.5,3,490,162838,50107,14476,26442,17296,28511,11677,234594
224.0,3,493,76349,11495,1612,908,8579,27554,2841,271365
224.5,3,477,76349,11495,1612,908,8579,27554,2841,271365
225.0,3,488,1017314,143460,50456,5528,15822,53213,2840,301248
225.5,3,488,1017314,143460,50456,5528,15822,53213,2840,301248
226.0,3,492,72487,43913,23976,9846,10169,75846,7949,273466
226.5,3,497,72487,43913,23976,9846,10169,75846,7949,273466
227.0,3,492,1175645,223820,35566,16839,36755,38838,3827,267819
227.5,3,497,1175645,223820,35566,16839,36755,38838,3827,267819
228.0,3,485,338211,140107,13892,31639,30655,18810,10746,236887
228.5,3,486,338211,140107,13892,31639,30655,18810,10746,236887
229.0,3,481,82152,39629,11058,8438,10276,58516,2872,262246
229.5,3,474,82152,39629,11058,8438,10276,58516,2872,262246
230.0,3,482,1757020,293964,39771,56492,39021,43713,8565,226507
230.5,3,472,1757020,293964,39771,56492,39021,43713,8565,226507
231.0,3,472,861979,71571,22494,17740,6585,25960,11980,50793
231.5,3,471,861979,71571,22494,17740,6585,25960,11980,50793
232.0,3,456,153483,109628,76274,19063,12326,15685,4851,264028
232.5,3,468,153483,109628,76274,19063,12326,15685,4851,264028
233.0,3,469,174687,63537,24370,34164,14691,46766,10174,237365
233.5,3,480,174687,63537,24370,34164,14691,46766,10174,237365
234.0,3,477,15323,10924,9081,7513,10728,67339,4141,285957
234.5,3,478,15323,10924,9081,7513,10728,67339,4141,285957
235.0,3,485,13189,19789,15943,7095,8702,57375,1831,323221
235.5,3,469,13189,19789,15943,7095,8702,57375,1831,323221
236.0,3,477,513553,57409,28027,16641,25084,13117,6261,272006
236.5,3,476,513553,57409,28027,16641,25084,13117,6261,272006
237.0,3,485,63425,20569,21699,4345,13884,49307,935,269097
237.5,3,482,63425,20569,21699,4345,13884,49307,935,269097
238.0,3,481,224599,14225,6564,11687,20041,22848,5761,264966
238.5,3,486,224599,14225,6564,11687,20041,22848,5761,264966
239.0,3,471,27939,37022,19500,7466,17788,32834,7094,274359
239.5,3,480,27939,37022,19500,7466,17788,32834,7094,274359
240.0,3,477,65677,70159,3067,5342,8922,6333,954,70254
240.5,3,485,65677,70159,3067,5342,8922,6333,954,70254
241.0,3,481,613367,110374,25940,15242,19186,41560,4420,256873
241.5,3,482,613367,110374,25940,15242,19186,41560,4420,256873
242.0,3,485,842892,85015,27902,13012,18590,23198,2143,305198
242.5,3,477,842892,85015,27902,13012,18590,23198,2143,305198
243.0,3,482,200405,83695,19729,10627,12522,52187,2326,267744
243.5,3,480,200405,83695,19729,10627,12522,52187,2326,267744
244.0,3,492,394025,192179,6065,20606,16937,69185,6145,251451
244.5,3,485,394025,192179,6065,20606,16937,69185,6145,251451
245.0,3,485,211966,46722,11822,2724,4933,48714,7538,261425
245.5,3,489,211966,46722,11822,2724,4933,48714,7538,261425
246.0,3,475,85147,99781,15297,15068,10314,20388,4767,345870
246.5,3,483,85147,99781,15297,15068,10314,20388,4767,345870
247.0,3,483,219996,178193,10216,15992,23206,27552,4067,259417
247.5,3,486,219996,178193,10216,15992,23206,27552,4067,259417
248.0,3,489,714765,22281,18519,11615,28686,29444,5096,261390
248.5,3,488,714765,22281,18519,11615,28686,29444,5096,261390
249.0,3,492,9788,18104,5484,5486,30417,82964,2330,289064
249.5,3,479,9788,18104,5484,5486,30417,82964,2330,289064
250.0,3,483,285690,7705,861,6001,6216,18144,1405,64080
250.5,3,486,285690,7705,861,6001,6216,18144,1405,64080
251.0,3,489,238004,52498,47127,22844,5484,45748,3736,263526
251.5,3,495,238004,52498,47127,22844,5484,45748,3736,263526
252.0,3,492,25144,5162,3479,3698,16150,60410,3577,265741
252.5,3,498,25144,5162,3479,3698,16150,60410,3577,265741
253.0,3,482,297876,18347,24759,8286,14983,25566,2981,322515
253.5,3,491,297876,18347,24759,8286,14983,25566,2981,322515
254.0,3,491,20448,11576,10955,9977,16911,36264,2916,281624
254.5,3,497,20448,11576,10955,9977,16911,36264,2916,281624
255.0,3,496,12101,20811,1567,12491,8892,61201,5657,319812
255.5,3,496,12101,20811,1567,12491,8892,61201,5657,319812
256.0,3,498,130923,61628,6194,5942,10845,38903,4044,268481
256.5,3,483,130923,61628,6194,5942,10845,38903,4044,268481
257.0,3,492,281153,100339,23516,689,17604,67160,6045,287282
257.5,3,491,281153,100339,23516,689,17604,67160,6045,287282
258.0,3,496,25123,18544,4024,13446,18949,50698,4533,236580
258.5,3,489,25123,18544,4024,13446,18949,50698,4533,236580
259.0,3,483,17119,34508,8755,9853,8740,97256,3952,269387
259.5,3,485,17119,34508,8755,9853,8740,97256,3952,269387
260.0,3,473,112072,19054,7384,7949,26816,40109,3269,318116
260.5,3,481,112072,19054,7384,7949,26816,40109,3269,318116
261.0,3,482,305283,35877,5802,7577,30589,27213,4592,251750
261.5,3,490,305283,35877,5802,7577,30589,27213,4592,251750
262.0,3,490,17867,9265,3681,8154,23517,35886,7808,262243
262.5,3,489,17867,9265,3681,8154,23517,35886,7808,262243
263.0,3,493,7134,15552,24070,14124,73517,8979,3383,286518
263.5,3,478,7134,15552,24070,14124,73517,8979,3383,286518
264.0,3,487,141423,12547,12698,15497,14806,42285,5330,306612
264.5,3,488,141423,12547,12698,15497,14806,42285,5330,306612
265.0,3,486,1973,5311,15272,2511,8532,49753,4397,235840
265.5,3,500,1973,5311,15272,2511,8532,49753,4397,235840
266.0,3,495,213912,30761,19815,6521,4596,61649,4100,276470
266.5,3,497,213912,30761,19815,6521,4596,61649,4100,276470
267.0,3,494,6003,12235,7512,2976,12715,31136,3645,296964
267.5,3,489,6003,12235,7512,2976,12715,31136,3645,296964
268.0,3,495,8841,14455,7443,10494,27292,21951,7408,285132
268.5,3,492,11225,17618,6860,19067,11901,52480,5482,238035
269.0,3,500,11225,17618,6860,19067,11901,52480,5482,238035
269.5,3,496,11225,17618,6860,19067,11901,52480,5482,238035
270.0,3,495,2820,12838,7818,6908,4233,73588,1792,272118
270.5,3,500,2820,12838,7818,6908,4233,73588,1792,272118
271.0,3,485,15449,14725,8036,27888,8977,22831,3775,288182
271.5,3,494,15449,14725,8036,27888,8977,22831,3775,288182
272.0,3,494,4087,14907,11572,1960,3731,28713,1633,267023
272.5,3,490,5209,12341,2994,24207,21342,40976,2694,268942
273.0,3,504,5209,12341,2994,24207,21342,40976,2694,268942
273.5,3,497,12863,10185,6635,2107,8480,43153,3668,259398
274.0,3,500,12863,10185,6635,2107,8480,43153,3668,259398
274.5,3,494,4722,14642,6045,4389,5148,57324,2852,248018
275.0,3,492,4722,14642,6045,4389,5148,57324,2852,248018
275.5,3,496,104363,14244,5555,10312,23646,10652,5739,278259
276.0,3,495,104363,14244,5555,10312,23646,10652,5739,278259
276.5,3,504,259810,32205,17183,14646,31800,41325,5880,247505
277.0,3,503,259810,32205,17183,14646,31800,41325,5880,247505
277.5,3,501,121947,13456,2669,5045,810,7966,1174,56571
278.0,3,505,121947,13456,2669,5045,810,7966,1174,56571
278.5,3,489,14582,18574,6692,8096,16784,54834,3561,231325
279.0,3,499,14582,18574,6692,8096,16784,54834,3561,231325
279.5,3,497,1627352,54546,5524,28097,18381,67359,2383,239975
280.0,3,502,1627352,54546,5524,28097,18381,67359,2383,239975
280.5,3,497,18711,14464,5074,37117,10576,52869,2832,283981
281.0,3,495,18711,14464,5074,37117,10576,52869,2832,283981
281.5,3,500,95657,130624,22729,5625,42983,89849,4604,232134
282.0,3,486,95657,130624,22729,5625,42983,89849,4604,232134
282.5,3,486,272295,201710,7166,9987,30287,35323,3557,243984
283.0,3,488,272295,201710,7166,9987,30287,35323,3557,243984
283.5,3,488,91875,36769,8430,54708,16883,26649,3341,252312
284.0,3,498,91875,36769,8430,54708,16883,26649,3341,252312
284.5,3,493,80437,12987,2402,3226,2398,14866,558,65010
285.0,3,496,80437,12987,2402,3226,2398,14866,558,65010
285.5,3,499,426298,8443,1817,2117,1970,15638,470,62482
286.0,3,485,426298,8443,1817,2117,1970,15638,470,62482
286.5,3,492,150243,61311,4370,2975,27082,20193,6846,238362
287.0,3,493,150243,61311,4370,2975,27082,20193,6846,238362
287.5,3,496,172328,6290,13970,3140,16770,19460,5457,225070
288.0,3,502,172328,6290,13970,3140,16770,19460,5457,225070
288.5,3,497,37510,41162,19836,13823,15834,15225,2286,231739
289.0,3,501,37510,41162,19836,13823,15834,15225,2286,231739
289.5,3,495,188855,32667,2926,1628,3035,8404,646,67483
290.0,3,494,188855,32667,2926,1628,3035,8404,646,67483
290.5,3,497,1254107,137935,10713,19729,5937,60328,10921,217767
291.0,3,494,1254107,137935,10713,19729,5937,60328,10921,217767
291.5,3,504,122784,55051,3630,4896,9004,4737,1786,57295
292.0,3,498,122784,55051,3630,4896,9004,4737,1786,57295
292.5,3,500,13111,29645,6931,6890,17471,21621,4396,271354
293.0,3,503,13111,29645,6931,6890,17471,21621,4396,271354
293.5,3,486,13714,2252,7912,5741,64413,12455,4481,319887
294.0,3,494,13714,2252,7912,5741,64413,12455,4481,319887
294.5,3,490,8147,5134,5526,8808,10919,29207,4207,257821
295.0,3,494,8147,5134,5526,8808,10919,29207,4207,257821
295.5,3,495,167642,30174,20642,32244,47808,25705,2053,239921
296.0,3,496,167642,30174,20642,32244,47808,25705,2053,239921
296.5,3,502,15239,57967,21126,4308,16011,47309,4098,248909
297.0,3,487,15239,57967,21126,4308,16011,47309,4098,248909
297.5,3,496,472245,18980,21714,8535,24876,53140,3192,253280
298.0,3,497,472245,18980,21714,8535,24876,53140,3192,253280
298.5,3,497,5146,20833,5668,5109,3428,80148,4307,293623
299.0,3,501,5146,20833,5668,5109,3428,80148,4307,293623
299.5,3,498,104814,44118,5543,3910,6269,8543,1465,46259
300.0,4,500,104814,44118,5543,3910,6269,8543,1465,46259
300.5,4,478,1152820,102338,32277,52911,31911,31418,11768,94841
301.0,4,481,1152820,102338,32277,52911,31911,31418,11768,94841
301.5,4,475,1460201,479398,384806,61829,81328,129363,23026,74948
302.0,4,479,1460201,479398,384806,61829,81328,129363,23026,74948
302.5,4,474,727119,15172,4375,4302,2926,964,762,4052
303.0,4,475,727119,15172,4375,4302,2926,964,762,4052
303.5,4,480,262915,194557,38314,29630,19893,16358,4419,131044
304.0,4,467,262915,194557,38314,29630,19893,16358,4419,131044
304.5,4,478,21975,7111,15138,25513,13572,94944,4272,94096
305.0,4,476,21975,7111,15138,25513,13572,94944,4272,94096
305.5,4,485,52681,14802,8044,6947,21878,60197,5571,98983
306.0,4,479,52681,14802,8044,6947,21878,60197,5571,98983
306.5,4,481,63729,110184,70360,28093,81675,19670,13081,112137
307.0,4,484,63729,110184,70360,28093,81675,19670,13081,112137
307.5,4,472,479866,179785,27786,42702,32438,23563,2276,31975
308.0,4,480,479866,179785,27786,42702,32438,23563,2276,31975
308.5,4,474,242872,98837,7489,14580,14751,20908,7850,150931
309.0,4,474,242872,98837,7489,14580,14751,20908,7850,150931
309.5,4,474,718168,71329,26286,51854,11708,64520,5335,137857
310.0,4,475,718168,71329,26286,51854,11708,64520,5335,137857
310.5,4,480,651626,17622,2960,7744,4665,11693,1489,33713
311.0,4,467,651626,17622,2960,7744,4665,11693,1489,33713
311.5,4,479,102444,59095,32825,19997,16224,34458,10467,125403
312.0,4,479,102444,59095,32825,19997,16224,34458,10467,125403
312.5,4,486,1432633,45031,9151,23399,16890,6590,4258,33608
313.0,4,483,1432633,45031,9151,23399,16890,6590,4258,33608
313.5,4,480,121238,16456,2333,3893,4664,6174,417,6883
314.0,4,485,121238,16456,2333,3893,4664,6174,417,6883
314.5,4,470,477578,84412,11542,24340,29359,59452,8682,117451
315.0,4,480,477578,84412,11542,24340,29359,59452,8682,117451
315.5,4,479,592862,333378,4111,3100,62450,19919,8109,113051
316.0,4,489,592862,333378,4111,3100,62450,19919,8109,113051
316.5,4,481,43315,28307,7335,19814,54975,20608,3844,102653
317.0,4,484,43315,28307,7335,19814,54975,20608,3844,102653
317.5,4,482,188505,55038,13408,10396,40479,32491,2576,96479
318.0,4,478,188505,55038,13408,10396,40479,32491,2576,96479
318.5,4,483,43615,43145,3911,14257,34570,27549,5617,109492
319.0,4,482,43615,43145,3911,14257,34570,27549,5617,109492
319.5,4,489,26990,23772,19916,27989,9208,93938,7442,124849
320.0,4,483,26990,23772,19916,27989,9208,93938,7442,124849
320.5,4,488,211089,26966,7686,2608,12003,8591,769,27998
321.0,4,479,211089,26966,7686,2608,12003,8591,769,27998
321.5,4,484,463299,60341,27807,21932,39581,67988,3415,79426
322.0,4,481,463299,60341,27807,21932,39581,67988,3415,79426
322.5,4,492,192873,42136,7029,10141,12101,77127,3312,118647
323.0,4,489,192873,42136,7029,10141,12101,77127,3312,118647
323.5,4,491,527164,86846,3499,12456,31016,23660,3337,125209
324.0,4,487,527164,86846,3499,12456,31016,23660,3337,125209
324.5,4,487,15816,10825,7402,53339,33697,40841,2845,124186
325.0,4,489,15816,10825,7402,53339,33697,40841,2845,124186
325.5,4,486,472353,140712,89671,102967,46683,97637,12326,109095
326.0,4,493,472353,140712,89671,102967,46683,97637,12326,109095
326.5,4,491,41586,24560,11781,40155,33473,19571,7317,109127
327.0,4,492,41586,24560,11781,40155,33473,19571,7317,109127
327.5,4,479,121733,66266,6646,22309,13568,76998,3925,110960
328.0,4,487,121733,66266,6646,22309,13568,76998,3925,110960
328.5,4,489,11038,30566,7182,48933,24400,82835,5097,120479
329.0,4,487,11038,30566,7182,48933,24400,82835,5097,120479
329.5,4,495,14569,27305,10132,21388,34212,22804,7631,147258
330.0,4,491,14569,27305,10132,21388,34212,22804,7631,147258
330.5,4,493,565154,13810,8019,41002,42871,62461,4146,130620
331.0,4,483,565154,13810,8019,41002,42871,62461,4146,130620
331.5,4,488,154256,150536,4934,13618,16545,96228,5224,91676
332.0,4,490,154256,150536,4934,13618,16545,96228,5224,91676
332.5,4,486,279449,49668,51831,6768,5201,79954,3808,99970
333.0,4,496,279449,49668,51831,6768,5201,79954,3808,99970
333.5,4,491,133129,35804,21109,25500,4874,71479,7952,98404
334.0,4,494,133129,35804,21109,25500,4874,71479,7952,98404
334.5,4,482,84227,16306,26785,31073,55039,32277,5659,115251
335.0,4,490,84227,16306,26785,31073,55039,32277,5659,115251
335.5,4,492,210976,13591,25332,17864,13252,13649,617,24788
336.0,4,491,210976,13591,25332,17864,13252,13649,617,24788
336.5,4,497,450798,35823,12487,6462,14235,44136,12046,122833
337.0,4,494,450798,35823,12487,6462,14235,44136,12046,122833
337.5,4,498,1302471,58345,7137,3039,30780,4069,5353,23453
338.0,4,484,1302471,58345,7137,3039,30780,4069,5353,23453
338.5,4,494,164962,42152,9650,18702,11666,39610,6142,106406
339.0,4,492,164962,42152,9650,18702,11666,39610,6142,106406
339.5,4,491,26194,34491,39320,5475,24313,51409,12082,115161
340.0,4,497,26194,34491,39320,5475,24313,51409,12082,115161
340.5,4,496,69563,35818,22059,12404,7586,68549,4831,131032
341.0,4,498,69563,35818,22059,12404,7586,68549,4831,131032
341.5,4,489,991989,698987,33545,33247,14846,55457,12127,100554
342.0,4,493,991989,698987,33545,33247,14846,55457,12127,100554
342.5,4,495,76711,13878,8518,6565,6445,37841,1296,35584
343.0,4,493,76711,13878,8518,6565,6445,37841,1296,35584
343.5,4,502,723274,270464,7478,11333,18992,11973,3902,33415
344.0,4,497,723274,270464,7478,11333,18992,11973,3902,33415
344.5,4,499,1455400,394287,85627,53711,23970,30487,7543,135036
345.0,4,496,1455400,394287,85627,53711,23970,30487,7543,135036
345.5,4,493,562429,20502,8511,8345,3892,5840,1769,50536
346.0,4,498,562429,20502,8511,8345,3892,5840,1769,50536
346.5,4,494,494442,87598,10396,10928,16331,28905,4238,181885
347.0,4,503,494442,87598,10396,10928,16331,28905,4238,181885
347.5,4,500,154972,58602,23486,29533,20933,36171,5556,159999
348.0,4,498,154972,58602,23486,29533,20933,36171,5556,159999
348.5,4,502,285843,57728,37915,16540,34672,30829,4357,182779
349.0,4,489,285843,57728,37915,16540,34672,30829,4357,182779
349.5,4,495,1565170,699261,58368,84599,258705,253853,29099,163673
350.0,4,497,1565170,699261,58368,84599,258705,253853,29099,163673
350.5,4,496,1170289,54067,14602,14651,4829,3391,1792,14996
351.0,4,504,1170289,54067,14602,14651,4829,3391,1792,14996
351.5,4,500,1241565,146505,17441,45463,17863,78399,8516,218025
352.0,4,505,1241565,146505,17441,45463,17863,78399,8516,218025
352.5,4,492,2885890,86641,16062,32677,8427,14583,2469,24570
353.0,4,500,2885890,86641,16062,32677,8427,14583,2469,24570
353.5,4,499,1179911,65409,11488,43444,10989,17825,3386,229095
354.0,4,503,1179911,65409,11488,43444,10989,17825,3386,229095
354.5,4,502,579614,184948,51863,42244,12682,33670,6997,241546
355.0,4,500,579614,184948,51863,42244,12682,33670,6997,241546
355.5,4,501,214350,26703,11776,16758,26506,78350,6869,236546
356.0,4,488,214350,26703,11776,16758,26506,78350,6869,236546
356.5,4,494,91007,66870,10326,13985,12882,161094,4741,262249
357.0,4,496,91007,66870,10326,13985,12882,161094,4741,262249
357.5,4,495,281327,30274,13786,31735,15693,24355,2374,233655
358.0,4,501,281327,30274,13786,31735,15693,24355,2374,233655
358.5,4,497,100931,47755,6129,7496,42343,24545,3213,287342
359.0,4,501,100931,47755,6129,7496,42343,24545,3213,287342
359.5,4,500,44628,47385,71341,15523,20743,42188,6985,254597
360.0,4,494,44628,47385,71341,15523,20743,42188,6985,254597
360.5,4,498,975427,98836,14467,16276,24382,7132,6905,69230
361.0,4,498,975427,98836,14467,16276,24382,7132,6905,69230
361.5,4,498,225836,22264,10852,6255,14948,2836,1600,71367
362.0,4,503,225836,22264,10852,6255,14948,2836,1600,71367
362.5,4,498,136253,57927,63503,12798,28663,46765,6381,247795
363.0,4,502,136253,57927,63503,12798,28663,46765,6381,247795
363.5,4,496,2102131,234533,16969,27992,110836,23190,11986,271788
364.0,4,496,2102131,234533,16969,27992,110836,23190,11986,271788
364.5,4,500,202114,16982,10728,5786,3917,14384,3052,65091
365.0,4,499,202114,16982,10728,5786,3917,14384,3052,65091
365.5,4,500,83144,108386,7295,32635,45176,44659,3767,262964
366.0,4,505,83144,108386,7295,32635,45176,44659,3767,262964
366.5,4,500,295318,80236,6941,16828,31819,31476,11448,240485
367.0,4,503,96495,20030,12546,4463,513,10705,1112,64207
367.5,4,508,96495,20030,12546,4463,513,10705,1112,64207
368.0,4,497,9437,9004,3627,10834,17210,33035,2992,260184
368.5,4,501,9437,9004,3627,10834,17210,33035,2992,260184
369.0,4,501,155355,28269,14870,2961,6907,6086,1442,63029
369.5,4,501,155355,28269,14870,2961,6907,6086,1442,63029
370.0,4,510,129345,15722,7147,5824,34931,43329,13899,269081
370.5,4,505,129345,15722,7147,5824,34931,43329,13899,269081
371.0,4,504,109183,42072,37401,12871,9604,76241,11240,255581
371.5,4,507,109183,42072,37401,12871,9604,76241,11240,255581
372.0,4,494,2569296,268202,42244,118141,138887,36331,7819,156285
372.5,4,498,2569296,268202,42244,118141,138887,36331,7819,156285
373.0,4,498,152446,9598,9884,3369,1613,2025,1860,13471
373.5,4,496,152446,9598,9884,3369,1613,2025,1860,13471
374.0,4,496,563175,287659,240431,35575,26851,50823,5140,135074
374.5,4,505,563175,287659,240431,35575,26851,50823,5140,135074
375.0,4,499,294196,19714,2608,4011,5487,7360,1123,33687
375.5,4,500,294196,19714,2608,4011,5487,7360,1123,33687
376.0,4,504,172752,36074,5767,1804,3687,29784,958,43316
376.5,4,492,172752,36074,5767,1804,3687,29784,958,43316
377.0,4,494,42500,33750,13941,16727,27750,43689,3661,169799
377.5,4,500,42500,33750,13941,16727,27750,43689,3661,169799
378.0,4,499,38508,61851,23675,22937,14354,55143,7727,165017
378.5,4,497,38508,61851,23675,22937,14354,55143,7727,165017
379.0,4,507,33247,28669,25389,2959,22505,40432,1649,167253
379.5,4,508,33247,28669,25389,2959,22505,40432,1649,167253
380.0,4,503,490080,21894,16291,6734,21726,127329,5803,139592
380.5,4,507,490080,21894,16291,6734,21726,127329,5803,139592
381.0,4,508,18320,34382,5380,8629,31165,29793,3690,175996
381.5,4,496,18320,34382,5380,8629,31165,29793,3690,175996
382.0,4,501,92085,35212,25261,9993,27597,64964,4284,192071
382.5,4,504,92085,35212,25261,9993,27597,64964,4284,192071
383.0,4,503,72926,126970,15482,37639,9217,59242,7766,138761
383.5,4,501,72926,126970,15482,37639,9217,59242,7766,138761
384.0,4,512,226033,14792,2024,5596,9267,38989,1194,30942
384.5,4,507,226033,14792,2024,5596,9267,38989,1194,30942
385.0,4,505,403503,194124,17252,31850,30991,50347,6279,102466
385.5,4,507,403503,194124,17252,31850,30991,50347,6279,102466
386.0,4,510,94519,15880,3961,3730,6334,6629,1205,38761
386.5,4,497,94519,15880,3961,3730,6334,6629,1205,38761
387.0,4,502,1687139,38273,3739,20933,14008,72110,4819,166044
387.5,4,507,1687139,38273,3739,20933,14008,72110,4819,166044
388.0,4,504,65011,6291,419,625,993,3616,247,11531
388.5,4,503,65011,6291,419,625,993,3616,247,11531
389.0,4,513,344129,63017,23574,11444,5440,14522,1172,40622
389.5,4,509,344129,63017,23574,11444,5440,14522,1172,40622
390.0,4,505,618143,90854,12583,34991,15485,52968,5217,178207
390.5,4,505,618143,90854,12583,34991,15485,52968,5217,178207
391.0,4,508,284921,106783,44894,22752,49566,29215,14849,150363
391.5,4,497,284921,106783,44894,22752,49566,29215,14849,150363
392.0,4,502,307446,90242,39999,62007,16518,64726,7266,175412
392.5,4,508,307446,90242,39999,62007,16518,64726,7266,175412
393.0,4,508,2595895,148381,36338,29190,39400,77436,11397,47870
393.5,4,505,2595895,148381,36338,29190,39400,77436,11397,47870
394.0,4,505,326209,6688,2345,1742,1337,973,199,4774
394.5,4,513,326209,6688,2345,1742,1337,973,199,4774
395.0,4,505,1240587,103964,20180,52316,17021,23751,7728,358662
395.5,4,505,1240587,103964,20180,52316,17021,23751,7728,358662
396.0,4,507,600916,9819,2190,891,2344,1192,248,23595
396.5,4,510,600916,9819,2190,891,2344,1192,248,23595
397.0,4,500,1266360,41208,7901,13184,39105,26491,6529,78311
397.5,4,499,1266360,41208,7901,13184,39105,26491,6529,78311
398.0,4,503,997428,163397,30393,16302,7883,13444,5266,28967
398.5,4,503,997428,163397,30393,16302,7883,13444,5266,28967
399.0,4,499,609111,50079,45955,11212,16787,25736,8632,193168
399.5,4,501,609111,50079,45955,11212,16787,25736,8632,193168
400.0,4,510,106967,30625,3900,1779,5820,21930,631,33204
400.5,4,504,106967,30625,3900,1779,5820,21930,631,33204
401.0,4,503,525865,12501,8988,1482,8831,16087,1427,47478
401.5,4,508,525865,12501,8988,1482,8831,16087,1427,47478
402.0,4,507,70117,35993,24459,26432,37780,104942,6370,200095
402.5,4,490,70117,35993,24459,26432,37780,104942,6370,200095
403.0,4,495,370866,82377,13020,15753,9972,7058,1645,34086
403.5,4,499,370866,82377,13020,15753,9972,7058,1645,34086
404.0,4,498,266864,208409,38084,7716,6555,8641,5134,240437
404.5,4,498,266864,208409,38084,7716,6555,8641,5134,240437
405.0,4,509,400878,358080,15318,14266,26553,5854,3632,70247
405.5,4,504,400878,358080,15318,14266,26553,5854,3632,70247
406.0,4,503,148882,8040,6677,682,1712,2412,541,20121
406.5,4,507,148882,8040,6677,682,1712,2412,541,20121
407.0,4,508,530409,120262,13271,15997,11204,21162,4933,339233
407.5,4,494,530409,120262,13271,15997,11204,21162,4933,339233
408.0,4,498,543264,40365,11706,9695,7369,9392,3209,85374
408.5,4,497,543264,40365,11706,9695,7369,9392,3209,85374
409.0,4,496,164541,25813,2943,11215,18110,13518,6643,360429
409.5,4,494,164541,25813,2943,11215,18110,13518,6643,360429
410.0,4,503,628027,242702,4916,28166,7471,5973,1478,83746
410.5,4,502,628027,242702,4916,28166,7471,5973,1478,83746
411.0,4,500,1231298,315717,53225,75392,57620,148175,12997,344604
411.5,4,503,1231298,315717,53225,75392,57620,148175,12997,344604
412.0,4,504,600480,33477,12736,32879,16204,40877,4143,58728
412.5,4,490,600480,33477,12736,32879,16204,40877,4143,58728
413.0,4,495,687527,39879,4014,13869,4165,5267,893,8649
413.5,4,496,687527,39879,4014,13869,4165,5267,893,8649
414.0,4,495,53838,4750,1364,184,589,1780,312,3057
414.5,4,499,53838,4750,1364,184,589,1780,312,3057
415.0,4,501,310861,281684,43156,23750,14668,18263,13799,214348
415.5,4,496,310861,281684,43156,23750,14668,18263,13799,214348
416.0,4,496,971101,167502,24630,18487,19704,3682,934,48594
416.5,4,498,971101,167502,24630,18487,19704,3682,934,48594
417.0,4,481,40250,14887,970,604,1061,2179,274,11159
417.5,4,487,40250,14887,970,604,1061,2179,274,11159
418.0,4,489,2291289,112199,39539,69066,31095,36235,3190,173658
418.5,4,489,2291289,112199,39539,69066,31095,36235,3190,173658
419.0,4,489,85449,9717,4070,4777,5953,3837,1727,11893
419.5,4,496,85449,9717,4070,4777,5953,3837,1727,11893
420.0,5,486,2380866,20637,10053,13968,13432,8765,3001,6456
420.5,5,485,2380866,20637,10053,13968,13432,8765,3001,6456
421.0,5,486,1534458,354524,3609,49916,156040,35556,11082,283002
421.5,5,472,1534458,354524,3609,49916,156040,35556,11082,283002
422.0,5,476,1331515,18769,2586,4889,1431,3934,1967,70101
422.5,5,474,1331515,18769,2586,4889,1431,3934,1967,70101
423.0,5,467,666753,28934,38664,55516,20477,57435,4005,262279
423.5,5,471,666753,28934,38664,55516,20477,57435,4005,262279
424.0,5,466,3139506,71517,19961,39257,14423,19500,7058,320330
424.5,5,461,3139506,71517,19961,39257,14423,19500,7058,320330
425.0,5,464,1184401,71477,8457,18418,11557,75484,4801,281891
425.5,5,462,1184401,71477,8457,18418,11557,75484,4801,281891
426.0,5,455,312892,60194,10785,17266,5413,17099,3262,261437
426.5,5,460,312892,60194,10785,17266,5413,17099,3262,261437
427.0,5,463,57519,18044,22407,8209,3188,95517,7794,297386
427.5,5,467,57519,18044,22407,8209,3188,95517,7794,297386
428.0,5,474,12389,8945,15483,18252,20777,62284,4912,301369
428.5,5,468,12389,8945,15483,18252,20777,62284,4912,301369
429.0,5,473,5756,5613,8791,15803,10864,65880,4972,272563
429.5,5,477,5756,5613,8791,15803,10864,65880,4972,272563
430.0,5,467,77599,77188,17090,10296,13240,46834,3327,267598
430.5,5,472,77599,77188,17090,10296,13240,46834,3327,267598
431.0,5,472,286526,31843,12069,6183,11320,43961,3431,291067
431.5,5,472,286526,31843,12069,6183,11320,43961,3431,291067
432.0,5,480,196787,39853,4163,18915,10050,36209,4102,223321
432.5,5,476,196787,39853,4163,18915,10050,36209,4102,223321
433.0,5,480,136344,60735,4671,43561,11353,18954,7645,244815
433.5,5,469,136344,60735,4671,43561,11353,18954,7645,244815
434.0,5,473,107149,9070,5471,6179,23847,20791,3841,232971
434.5,5,478,107149,9070,5471,6179,23847,20791,3841,232971
435.0,5,475,47582,12247,3418,276,3697,6838,682,61183
435.5,5,486,47582,12247,3418,276,3697,6838,682,61183
436.0,5,480,12399,10834,3149,4849,10097,34185,1726,230926
436.5,5,478,12399,10834,3149,4849,10097,34185,1726,230926
437.0,5,484,6571,35064,5289,5922,9348,119870,2774,243831
437.5,5,470,6571,35064,5289,5922,9348,119870,2774,243831
438.0,5,477,9560,7910,10091,9278,10762,69903,6496,262766
438.5,5,478,9560,7910,10091,9278,10762,69903,6496,262766
439.0,5,477,123668,4667,9365,17832,8342,49617,8925,211632
439.5,5,489,123668,4667,9365,17832,8342,49617,8925,211632
440.0,5,481,47294,8411,8686,5711,33950,52663,9449,238426
440.5,5,485,47294,8411,8686,5711,33950,52663,9449,238426
441.0,5,485,496023,167095,3809,25059,22848,30678,4789,269644
441.5,5,477,496023,167095,3809,25059,22848,30678,4789,269644
442.0,5,482,38370,61616,5993,13324,22873,59086,2811,261978
442.5,5,485,38370,61616,5993,13324,22873,59086,2811,261978
443.0,5,493,36179,6296,4082,9081,24332,36718,3713,235947
443.5,5,487,36179,6296,4082,9081,24332,36718,3713,235947
444.0,5,487,59540,15046,13727,4093,12643,56660,5234,282981
444.5,5,491,59540,15046,13727,4093,12643,56660,5234,282981
445.0,5,478,153908,62268,17266,17338,20053,16204,5266,237880
445.5,5,485,153908,62268,17266,17338,20053,16204,5266,237880
446.0,5,484,279690,87022,19832,58375,15395,48301,8566,216364
446.5,5,491,279690,87022,19832,58375,15395,48301,8566,216364
447.0,5,483,177572,24611,9084,3176,5156,3959,5372,22850
447.5,5,478,177572,24611,9084,3176,5156,3959,5372,22850
448.0,5,476,58165,65096,7371,4030,10238,8060,2594,18568
448.5,5,459,58165,65096,7371,4030,10238,8060,2594,18568
449.0,5,462,558587,201683,141768,42837,30760,25042,30838,66100
449.5,5,456,558587,201683,141768,42837,30760,25042,30838,66100
450.0,5,466,72144,13054,9004,5208,31185,45846,3098,261845
450.5,5,466,72144,13054,9004,5208,31185,45846,3098,261845
451.0,5,465,75242,13630,19576,12137,8336,48066,11571,253411
451.5,5,473,75242,13630,19576,12137,8336,48066,11571,253411
452.0,5,459,7074,6143,5503,5667,2808,85842,2518,258639
452.5,5,469,7074,6143,5503,5667,2808,85842,2518,258639
453.0,5,468,59013,28355,3601,1941,9213,27114,2747,251119
453.5,5,474,59013,28355,3601,1941,9213,27114,2747,251119
454.0,5,475,32120,20309,7004,10047,30531,24911,6101,260128
454.5,5,473,32120,20309,7004,10047,30531,24911,6101,260128
455.0,5,478,10597,11577,10540,5159,10364,37819,4698,268555
455.5,5,464,10597,11577,10540,5159,10364,37819,4698,268555
456.0,5,471,17835,16582,3119,13604,20812,22967,9311,261012
456.5,5,472,17835,16582,3119,13604,20812,22967,9311,261012
457.0,5,472,13843,17422,5506,8640,16959,104354,3379,274099
457.5,5,481,13843,17422,5506,8640,16959,104354,3379,274099
458.0,5,475,127936,64555,3141,2776,17733,22681,5171,266511
458.5,5,476,127936,64555,3141,2776,17733,22681,5171,266511
459.0,5,464,256209,164472,10698,3997,13287,29834,4577,261167
459.5,5,471,256209,164472,10698,3997,13287,29834,4577,261167
460.0,5,472,604390,95599,30041,30306,57043,14780,4879,234791
460.5,5,470,604390,95599,30041,30306,57043,14780,4879,234791
461.0,5,482,53346,2636,7761,3347,3415,13326,549,56898
461.5,5,477,53346,2636,7761,3347,3415,13326,549,56898
462.0,5,482,18302,15815,8331,19239,19550,45433,4352,298315
462.5,5,470,18302,15815,8331,19239,19550,45433,4352,298315
463.0,5,475,176217,64420,6111,16649,12915,30709,4994,258863
463.5,5,477,176217,64420,6111,16649,12915,30709,4994,258863
464.0,5,474,14487,11477,5725,9532,8900,55761,6868,264066
464.5,5,480,14487,11477,5725,9532,8900,55761,6868,264066
465.0,5,477,79617,10399,4620,10101,1748,9693,1007,54874
465.5,5,481,79617,10399,4620,10101,1748,9693,1007,54874
466.0,5,469,23532,12771,5241,10097,12372,99051,3954,223993
466.5,5,475,23532,12771,5241,10097,12372,99051,3954,223993
467.0,5,477,124115,36105,3506,6639,1741,21824,1630,55687
467.5,5,474,124115,36105,3506,6639,1741,21824,1630,55687
468.0,5,482,97969,47584,5689,5512,884,3131,568,15288
468.5,5,479,179197,37742,13554,14023,41778,35103,4100,212722
469.0,5,485,179197,37742,13554,14023,41778,35103,4100,212722
469.5,5,474,227217,56727,10027,5738,6861,45096,2072,298154
470.0,5,478,227217,56727,10027,5738,6861,45096,2072,298154
470.5,5,481,88672,90901,10778,13194,14839,37874,4474,217380
471.0,5,479,88672,90901,10778,13194,14839,37874,4474,217380
471.5,5,489,58159,9616,3226,1188,21694,49322,1189,244340
472.0,5,484,58159,9616,3226,1188,21694,49322,1189,244340
472.5,5,486,1896774,42884,33815,8299,8393,30948,4454,275262
473.0,5,489,1896774,42884,33815,8299,8393,30948,4454,275262
473.5,5,476,256804,33837,14867,10282,12993,27702,7037,251025
474.0,5,484,256804,33837,14867,10282,12993,27702,7037,251025
474.5,5,484,7447,23141,7893,29837,9669,55509,3357,260399
475.0,5,489,7447,23141,7893,29837,9669,55509,3357,260399
475.5,5,486,35256,20924,10357,7817,21757,20574,5272,288345
476.0,5,485,35256,20924,10357,7817,21757,20574,5272,288345
476.5,5,490,522283,16244,17235,8545,46224,49756,2277,216465
477.0,5,475,522283,16244,17235,8545,46224,49756,2277,216465
477.5,5,485,102753,13891,9144,8337,11031,71778,5821,267196
478.0,5,485,102753,13891,9144,8337,11031,71778,5821,267196
478.5,5,482,611813,21485,31077,9412,27821,39039,5739,228534
479.0,5,491,611813,21485,31077,9412,27821,39039,5739,228534
479.5,5,487,160650,26644,2328,6447,52495,15965,3997,237151
480.0,5,492,160650,26644,2328,6447,52495,15965,3997,237151
480.5,5,477,476212,99699,18854,15511,37914,38482,8368,216628
481.0,5,481,476212,99699,18854,15511,37914,38482,8368,216628
481.5,5,477,1030824,145426,46291,43494,12917,34186,8178,278003
482.0,5,471,1030824,145426,46291,43494,12917,34186,8178,278003
482.5,5,477,389361,63684,43264,30732,19353,23554,5811,244234
483.0,5,469,389361,63684,43264,30732,19353,23554,5811,244234
483.5,5,466,102339,18415,3796,1313,3519,2210,1416,14604
484.0,5,449,102339,18415,3796,1313,3519,2210,1416,14604
484.5,5,448,774873,60690,112034,73777,48775,35281,14793,273965
485.0,5,448,774873,60690,112034,73777,48775,35281,14793,273965
485.5,5,449,3511391,193153,90821,9318,48154,30121,16465,31524
486.0,5,456,3511391,193153,90821,9318,48154,30121,16465,31524
486.5,5,450,1364030,124841,48918,51168,12972,23879,18931,248582
487.0,5,452,1364030,124841,48918,51168,12972,23879,18931,248582
487.5,5,452,727731,22407,12594,12791,9575,17445,2897,66540
488.0,5,439,727731,22407,12594,12791,9575,17445,2897,66540
488.5,5,449,562877,335614,43739,58249,24041,37080,7370,215830
489.0,5,453,562877,335614,43739,58249,24041,37080,7370,215830
489.5,5,454,219054,151623,32089,16921,8942,21734,2687,301216
490.0,5,459,219054,151623,32089,16921,8942,21734,2687,301216
490.5,5,457,598997,108752,58629,13784,15458,19881,5111,280116
491.0,5,462,598997,108752,58629,13784,15458,19881,5111,280116
491.5,5,452,168593,11818,9066,931,14024,6482,1414,62872
492.0,5,458,168593,11818,9066,931,14024,6482,1414,62872
492.5,5,462,46545,15844,5361,3760,12553,52155,3275,289046
493.0,5,458,46545,15844,5361,3760,12553,52155,3275,289046
493.5,5,471,10655,2228,1544,3415,16832,58419,3726,292013
494.0,5,468,10655,2228,1544,3415,16832,58419,3726,292013
494.5,5,469,17626,30812,7854,14884,5602,50535,4832,250603
495.0,5,474,17626,30812,7854,14884,5602,50535,4832,250603
495.5,5,458,226502,23275,11667,4031,2484,4307,916,61610
496.0,5,467,226502,23275,11667,4031,2484,4307,916,61610
496.5,5,469,21023,2879,843,742,1164,852,241,14998
497.0,5,470,21023,2879,843,742,1164,852,241,14998
497.5,5,475,827163,177086,43789,109399,35636,20196,4489,242206
498.0,5,470,827163,177086,43789,109399,35636,20196,4489,242206
498.5,5,474,709357,116983,12199,19391,10953,27117,3761,311741
499.0,5,474,709357,116983,12199,19391,10953,27117,3761,311741
499.5,5,465,6021,11465,7662,6173,7884,55324,3325,264840
500.0,5,472,6021,11465,7662,6173,7884,55324,3325,264840
500.5,5,473,14927,8585,6428,1158,28854,23461,3818,281781
501.0,5,478,14927,8585,6428,1158,28854,23461,3818,281781
501.5,5,480,7143,34665,3501,2301,19354,47724,4384,274666
502.0,5,477,7143,34665,3501,2301,19354,47724,4384,274666
502.5,5,479,1444532,364701,42764,39989,21678,10200,10667,270058
503.0,5,462,1444532,364701,42764,39989,21678,10200,10667,270058
503.5,5,459,190976,49761,35214,4035,11670,8093,1549,69762
504.0,5,457,190976,49761,35214,4035,11670,8093,1549,69762
504.5,5,451,272825,85952,21813,14562,9700,8404,2795,62651
505.0,5,459,272825,85952,21813,14562,9700,8404,2795,62651
505.5,5,450,335609,15915,10269,5810,7052,3730,1187,69910
506.0,5,451,335609,15915,10269,5810,7052,3730,1187,69910
506.5,5,457,961399,49246,7435,2962,6120,15798,982,85608
507.0,5,444,961399,49246,7435,2962,6120,15798,982,85608
507.5,5,453,279395,57249,6883,7119,25285,72885,5181,236406
508.0,5,456,279395,57249,6883,7119,25285,72885,5181,236406
508.5,5,454,4161,1017,15847,3658,9160,57326,6381,308551
509.0,5,467,4161,1017,15847,3658,9160,57326,6381,308551
509.5,5,464,253340,25664,4883,12374,6350,61959,3712,292987
510.0,5,469,253340,25664,4883,12374,6350,61959,3712,292987
510.5,5,466,92740,18462,9366,8724,16935,81295,5855,274400
511.0,5,460,92740,18462,9366,8724,16935,81295,5855,274400
511.5,5,464,18539,5797,4933,3975,9236,53448,3096,246676
512.0,5,459,18539,5797,4933,3975,9236,53448,3096,246676
512.5,5,470,247288,50284,5691,13501,7464,31147,3116,278463
513.0,5,467,247288,50284,5691,13501,7464,31147,3116,278463
513.5,5,467,29261,11011,5304,5613,9168,93111,3192,312472
514.0,5,473,29261,11011,5304,5613,9168,93111,3192,312472
514.5,5,457,6328,10578,6563,5837,5415,20662,2973,339579
515.0,5,466,6328,10578,6563,5837,5415,20662,2973,339579
515.5,5,464,47238,43721,7641,3681,4540,40845,2494,286826
516.0,5,474,47238,43721,7641,3681,4540,40845,2494,286826
516.5,5,471,237626,26856,3926,3603,6830,31328,2751,284641
517.0,5,471,237626,26856,3926,3603,6830,31328,2751,284641
517.5,5,476,24739,12077,654,4348,11847,29176,2473,312464
518.0,5,462,24739,12077,654,4348,11847,29176,2473,312464
518.5,5,468,3401,19735,10187,5610,17634,54864,2847,286029
519.0,5,469,3401,19735,10187,5610,17634,54864,2847,286029
519.5,5,475,16008,16422,8555,2297,6692,57992,4099,303340
520.0,5,477,16008,16422,8555,2297,6692,57992,4099,303340
520.5,5,476,8897,8371,1904,3946,7672,74802,3395,276708
521.0,5,481,8897,8371,1904,3946,7672,74802,3395,276708
521.5,5,464,230314,47619,3720,5462,9109,50396,3851,259631
522.0,5,469,230314,47619,3720,5462,9109,50396,3851,259631
522.5,5,464,917,12688,2642,1908,2875,47764,2810,295533
523.0,5,474,917,12688,2642,1908,2875,47764,2810,295533
523.5,5,470,17019,34594,2401,6988,4368,102141,2335,256160
524.0,5,475,17019,34594,2401,6988,4368,102141,2335,256160
524.5,5,460,6252,6240,4823,1678,46873,37312,2793,261278
525.0,5,470,6252,6240,4823,1678,46873,37312,2793,261278
525.5,5,466,261004,132620,84864,9596,5758,96615,7115,261608
526.0,5,474,261004,132620,84864,9596,5758,96615,7115,261608
526.5,5,464,9422,11370,9279,1475,16764,55687,4905,285008
527.0,5,471,9422,11370,9279,1475,16764,55687,4905,285008
527.5,5,457,321305,52895,27338,8169,22699,12706,5103,298010
528.0,5,464,321305,52895,27338,8169,22699,12706,5103,298010
528.5,5,471,589285,12720,3963,7432,17284,32887,4821,263044
529.0,5,472,589285,12720,3963,7432,17284,32887,4821,263044
529.5,5,472,18688,18121,10778,8951,8723,20153,2932,275464
530.0,5,475,18688,18121,10778,8951,8723,20153,2932,275464
530.5,5,466,28077,31220,13740,11176,10767,73345,3342,257714
531.0,5,468,28077,31220,13740,11176,10767,73345,3342,257714
531.5,5,466,261491,80550,7355,25696,8119,30607,5974,273193
532.0,5,480,261491,80550,7355,25696,8119,30607,5974,273193
532.5,5,474,1430656,66144,65294,20014,13129,16323,8419,221998
533.0,5,478,1430656,66144,65294,20014,13129,16323,8419,221998
533.5,5,462,33677,14752,11544,9152,11781,28772,3410,252273
534.0,5,474,33677,14752,11544,9152,11781,28772,3410,252273
534.5,5,472,2200914,264789,14288,18327,21331,46051,3668,253825
535.0,5,477,2200914,264789,14288,18327,21331,46051,3668,253825
535.5,5,478,128724,60070,17463,6855,4685,7427,1255,65425
536.0,5,477,128724,60070,17463,6855,4685,7427,1255,65425
536.5,5,482,416903,48776,4268,6354,36638,55568,1909,278506
537.0,5,466,416903,48776,4268,6354,36638,55568,1909,278506
537.5,5,473,404411,107247,24442,11876,13041,17991,5079,279646
538.0,5,468,404411,107247,24442,11876,13041,17991,5079,279646
538.5,5,467,146899,17244,6809,8274,4267,3506,1202,51230
539.0,5,471,146899,17244,6809,8274,4267,3506,1202,51230
539.5,5,462,824754,82082,54212,25610,19566,46814,5311,178317
